{
  "id": 1,
  "smallTitle": "What We Do",
  "title": "Help you scale your business on Amazon",
  "paragraphOne": "At AA Growth Grid, we're your partners in conquering Amazon's dynamic landscape. Our specialized expertise in Amazon FBA Wholesale empowers 3rd party sellers and brands with strategies that elevate their product sourcing, inventory management, and sales optimization. With a proven track record of propelling businesses to the forefront of Amazon's bustling marketplace, we're your roadmap to Amazon FBA Wholesale mastery.",
  "paragraphTwo": "We're not just consultants; we're your brand's voice, strategy, and growth catalyst. Our dedication to boosting brands' sales and visibility on Amazon is unwavering. Through a blend of data-driven insights, strategic optimizations, and targeted marketing techniques, we craft a narrative that resonates with your brand's ethos and captivates your target audience.",
  "image": "/img/about-us.jpg",
  "stauts": [
    { "id": 1, "number": "3", "letter": "K", "stautsName": "Happy Clients" },
    { "id": 2, "number": "14", "letter": "K", "stautsName": "Success Projects" }
  ]
}
