[
  {
    "id": 1,
    "icon": "pe-7s-paint-bucket",
    "image": "/img/service-1.svg",
    "title": "Amazon Marketing Services:",
    "content": [
      "Amazon SEO.",
      "Advertising & PPC For amazon.",
      "Sponsored Product ads.",
      "Sponsored Brand ads.",
      "Sponsored Display ads."
    ],
    "link": "/amazon-marketing-services",
    "buttontext": "VIEW DETAILS"
  },
  {
    "id": 2,
    "icon": "pe-7s-phone",
    "image": "/img/service-2.svg",
    "title": "Brand Management Services:",
    "content": [
      "Finding Profitable Products.",
      "Product Launches.",
      "Amazon Product Ranking.",
      "Listing Optimization.",
      "EBC / A+ Content."
    ],
    "link": "/brand-management-services",
    "buttontext": "VIEW DETAILS"
  }
]
