[
  {
    "id": 1,
    "icon": "pe-7s-smile",
    "content": "Managed Brand.",
    "numberfront": "+",

    "value": "50"
  },
  {
    "id": 2,
    "icon": "pe-7s-portfolio",
    "content": "Under Management",
    "numberfront": "M+",

    "value": "150"
  },
  {
    "id": 3,
    "icon": "pe-7s-medal",
    "content": "Product Launches.",
    "numberfront": "+",

    "value": "150"
  },
  {
    "id": 4,
    "icon": "pe-7s-medal",
    "content": "Passionate People.",
    "numberfront": "+",

    "value": "30"
  }
]
