{
  "id": 1,
  "smallTitle": "What We Do",
  "title": "Help you scale your business on Amazon",
  "paragraphOne": "At AA Growth Grid, we are dedicated to helping brands succeed and thrive on the world's largest online marketplace - Amazon.",
  "paragraphTwo": "Whether you're an established brand or a third-party seller looking to boost your presence on Amazon, we have tailored solutions to meet your needs and exceed your expectations.",
  "image": "/img/about-us.jpg",
  "stauts": [
    { "id": 1, "number": "3", "letter": "K", "stautsName": "Happy Clients" },
    { "id": 2, "number": "14", "letter": "K", "stautsName": "Success Projects" }
  ]
}
